Country Name,Country Code,Indicator Name,Indicator Code,Year,Population
Burundi,BDI,"Population, total",SP.POP.TOTL,1960,2764258.0
Djibouti,DJI,"Population, total",SP.POP.TOTL,1960,86024.0
Eritrea,ERI,"Population, total",SP.POP.TOTL,1960,972547.0
Ethiopia,ETH,"Population, total",SP.POP.TOTL,1960,21376693.0
Kenya,KEN,"Population, total",SP.POP.TOTL,1960,7695307.0
Rwanda,RWA,"Population, total",SP.POP.TOTL,1960,3022294.0
Somalia,SOM,"Population, total",SP.POP.TOTL,1960,2876331.0
South Sudan,SSD,"Population, total",SP.POP.TOTL,1960,2931559.0
Tanzania,TZA,"Population, total",SP.POP.TOTL,1960,9901419.0
Uganda,UGA,"Population, total",SP.POP.TOTL,1960,7640973.0
Burundi,BDI,"Population, total",SP.POP.TOTL,1961,2835119.0
Djibouti,DJI,"Population, total",SP.POP.TOTL,1961,89390.0
Eritrea,ERI,"Population, total",SP.POP.TOTL,1961,995573.0
Ethiopia,ETH,"Population, total",SP.POP.TOTL,1961,21906102.0
Kenya,KEN,"Population, total",SP.POP.TOTL,1961,7987770.0
Rwanda,RWA,"Population, total",SP.POP.TOTL,1961,3106779.0
Somalia,SOM,"Population, total",SP.POP.TOTL,1961,2952054.0
South Sudan,SSD,"Population, total",SP.POP.TOTL,1961,2976724.0
Tanzania,TZA,"Population, total",SP.POP.TOTL,1961,10187886.0
Uganda,UGA,"Population, total",SP.POP.TOTL,1961,7862217.0
Burundi,BDI,"Population, total",SP.POP.TOTL,1962,2907943.0
Djibouti,DJI,"Population, total",SP.POP.TOTL,1962,93283.0
Eritrea,ERI,"Population, total",SP.POP.TOTL,1962,1019788.0
Ethiopia,ETH,"Population, total",SP.POP.TOTL,1962,22465126.0
Kenya,KEN,"Population, total",SP.POP.TOTL,1962,8299308.0
Rwanda,RWA,"Population, total",SP.POP.TOTL,1962,3186025.0
Somalia,SOM,"Population, total",SP.POP.TOTL,1962,3030091.0
South Sudan,SSD,"Population, total",SP.POP.TOTL,1962,3024308.0
Tanzania,TZA,"Population, total",SP.POP.TOTL,1962,10487756.0
Uganda,UGA,"Population, total",SP.POP.TOTL,1962,8092231.0
Burundi,BDI,"Population, total",SP.POP.TOTL,1963,2969841.0
Djibouti,DJI,"Population, total",SP.POP.TOTL,1963,97872.0
Eritrea,ERI,"Population, total",SP.POP.TOTL,1963,1045092.0
Ethiopia,ETH,"Population, total",SP.POP.TOTL,1963,23051637.0
Kenya,KEN,"Population, total",SP.POP.TOTL,1963,8627971.0
Rwanda,RWA,"Population, total",SP.POP.TOTL,1963,3258890.0
Somalia,SOM,"Population, total",SP.POP.TOTL,1963,3110361.0
South Sudan,SSD,"Population, total",SP.POP.TOTL,1963,3072669.0
Tanzania,TZA,"Population, total",SP.POP.TOTL,1963,10799528.0
Uganda,UGA,"Population, total",SP.POP.TOTL,1963,8333663.0
Burundi,BDI,"Population, total",SP.POP.TOTL,1964,3055650.0
Djibouti,DJI,"Population, total",SP.POP.TOTL,1964,103198.0
Eritrea,ERI,"Population, total",SP.POP.TOTL,1964,1071287.0
Ethiopia,ETH,"Population, total",SP.POP.TOTL,1964,23666548.0
Kenya,KEN,"Population, total",SP.POP.TOTL,1964,8973535.0
Rwanda,RWA,"Population, total",SP.POP.TOTL,1964,3334834.0
Somalia,SOM,"Population, total",SP.POP.TOTL,1964,3192796.0
South Sudan,SSD,"Population, total",SP.POP.TOTL,1964,3129918.0
Tanzania,TZA,"Population, total",SP.POP.TOTL,1964,11127826.0
Uganda,UGA,"Population, total",SP.POP.TOTL,1964,8586363.0
Burundi,BDI,"Population, total",SP.POP.TOTL,1965,3141367.0
Djibouti,DJI,"Population, total",SP.POP.TOTL,1965,109092.0
Eritrea,ERI,"Population, total",SP.POP.TOTL,1965,1098335.0
Ethiopia,ETH,"Population, total",SP.POP.TOTL,1965,24310612.0
Kenya,KEN,"Population, total",SP.POP.TOTL,1965,9338078.0
Rwanda,RWA,"Population, total",SP.POP.TOTL,1965,3423210.0
Somalia,SOM,"Population, total",SP.POP.TOTL,1965,3277874.0
South Sudan,SSD,"Population, total",SP.POP.TOTL,1965,3189835.0
Tanzania,TZA,"Population, total",SP.POP.TOTL,1965,11470728.0
Uganda,UGA,"Population, total",SP.POP.TOTL,1965,8849203.0
Burundi,BDI,"Population, total",SP.POP.TOTL,1966,3217960.0
Djibouti,DJI,"Population, total",SP.POP.TOTL,1966,115269.0
Eritrea,ERI,"Population, total",SP.POP.TOTL,1966,1124957.0
Ethiopia,ETH,"Population, total",SP.POP.TOTL,1966,24952689.0
Kenya,KEN,"Population, total",SP.POP.TOTL,1966,9717816.0
Rwanda,RWA,"Population, total",SP.POP.TOTL,1966,3521626.0
Somalia,SOM,"Population, total",SP.POP.TOTL,1966,3365106.0
South Sudan,SSD,"Population, total",SP.POP.TOTL,1966,3236423.0
Tanzania,TZA,"Population, total",SP.POP.TOTL,1966,11827459.0
Uganda,UGA,"Population, total",SP.POP.TOTL,1966,9122864.0
Burundi,BDI,"Population, total",SP.POP.TOTL,1967,3300690.0
Djibouti,DJI,"Population, total",SP.POP.TOTL,1967,121649.0
Eritrea,ERI,"Population, total",SP.POP.TOTL,1967,1152339.0
Ethiopia,ETH,"Population, total",SP.POP.TOTL,1967,25620276.0
Kenya,KEN,"Population, total",SP.POP.TOTL,1967,10111057.0
Rwanda,RWA,"Population, total",SP.POP.TOTL,1967,3629577.0
Somalia,SOM,"Population, total",SP.POP.TOTL,1967,3454537.0
South Sudan,SSD,"Population, total",SP.POP.TOTL,1967,3277648.0
Tanzania,TZA,"Population, total",SP.POP.TOTL,1967,12200109.0
Uganda,UGA,"Population, total",SP.POP.TOTL,1967,9408924.0
Burundi,BDI,"Population, total",SP.POP.TOTL,1968,3380387.0
Djibouti,DJI,"Population, total",SP.POP.TOTL,1968,128250.0
Eritrea,ERI,"Population, total",SP.POP.TOTL,1968,1181737.0
Ethiopia,ETH,"Population, total",SP.POP.TOTL,1968,26337930.0
Kenya,KEN,"Population, total",SP.POP.TOTL,1968,10518823.0
Rwanda,RWA,"Population, total",SP.POP.TOTL,1968,3744010.0
Somalia,SOM,"Population, total",SP.POP.TOTL,1968,3546590.0
South Sudan,SSD,"Population, total",SP.POP.TOTL,1968,3321528.0
Tanzania,TZA,"Population, total",SP.POP.TOTL,1968,12602076.0
Uganda,UGA,"Population, total",SP.POP.TOTL,1968,9708632.0
Burundi,BDI,"Population, total",SP.POP.TOTL,1969,3454590.0
Djibouti,DJI,"Population, total",SP.POP.TOTL,1969,136078.0
Eritrea,ERI,"Population, total",SP.POP.TOTL,1969,1212005.0
Ethiopia,ETH,"Population, total",SP.POP.TOTL,1969,27072571.0
Kenya,KEN,"Population, total",SP.POP.TOTL,1969,10939695.0
Rwanda,RWA,"Population, total",SP.POP.TOTL,1969,3861271.0
Somalia,SOM,"Population, total",SP.POP.TOTL,1969,3641015.0
South Sudan,SSD,"Population, total",SP.POP.TOTL,1969,3365533.0
Tanzania,TZA,"Population, total",SP.POP.TOTL,1969,13036700.0
Uganda,UGA,"Population, total",SP.POP.TOTL,1969,10014858.0
Burundi,BDI,"Population, total",SP.POP.TOTL,1970,3530432.0
Djibouti,DJI,"Population, total",SP.POP.TOTL,1970,145175.0
Eritrea,ERI,"Population, total",SP.POP.TOTL,1970,1243453.0
Ethiopia,ETH,"Population, total",SP.POP.TOTL,1970,27829128.0
Kenya,KEN,"Population, total",SP.POP.TOTL,1970,11368791.0
Rwanda,RWA,"Population, total",SP.POP.TOTL,1970,3980669.0
Somalia,SOM,"Population, total",SP.POP.TOTL,1970,3738448.0
South Sudan,SSD,"Population, total",SP.POP.TOTL,1970,3409614.0
Tanzania,TZA,"Population, total",SP.POP.TOTL,1970,13492677.0
Uganda,UGA,"Population, total",SP.POP.TOTL,1970,10321603.0
Burundi,BDI,"Population, total",SP.POP.TOTL,1971,3617289.0
Djibouti,DJI,"Population, total",SP.POP.TOTL,1971,155136.0
Eritrea,ERI,"Population, total",SP.POP.TOTL,1971,1276154.0
Ethiopia,ETH,"Population, total",SP.POP.TOTL,1971,28600106.0
Kenya,KEN,"Population, total",SP.POP.TOTL,1971,11788904.0
Rwanda,RWA,"Population, total",SP.POP.TOTL,1971,4100044.0
Somalia,SOM,"Population, total",SP.POP.TOTL,1971,3837691.0
South Sudan,SSD,"Population, total",SP.POP.TOTL,1971,3468646.0
Tanzania,TZA,"Population, total",SP.POP.TOTL,1971,13971451.0
Uganda,UGA,"Population, total",SP.POP.TOTL,1971,10618206.0
Burundi,BDI,"Population, total",SP.POP.TOTL,1972,3617128.0
Djibouti,DJI,"Population, total",SP.POP.TOTL,1972,166256.0
Eritrea,ERI,"Population, total",SP.POP.TOTL,1972,1309235.0
Ethiopia,ETH,"Population, total",SP.POP.TOTL,1972,29374608.0
Kenya,KEN,"Population, total",SP.POP.TOTL,1972,12206060.0
Rwanda,RWA,"Population, total",SP.POP.TOTL,1972,4220335.0
Somalia,SOM,"Population, total",SP.POP.TOTL,1972,3939436.0
South Sudan,SSD,"Population, total",SP.POP.TOTL,1972,3542497.0
Tanzania,TZA,"Population, total",SP.POP.TOTL,1972,14479308.0
Uganda,UGA,"Population, total",SP.POP.TOTL,1972,10885796.0
Burundi,BDI,"Population, total",SP.POP.TOTL,1973,3611991.0
Djibouti,DJI,"Population, total",SP.POP.TOTL,1973,178449.0
Eritrea,ERI,"Population, total",SP.POP.TOTL,1973,1342669.0
Ethiopia,ETH,"Population, total",SP.POP.TOTL,1973,30166785.0
Kenya,KEN,"Population, total",SP.POP.TOTL,1973,12634835.0
Rwanda,RWA,"Population, total",SP.POP.TOTL,1973,4345047.0
Somalia,SOM,"Population, total",SP.POP.TOTL,1973,4045592.0
South Sudan,SSD,"Population, total",SP.POP.TOTL,1973,3627383.0
Tanzania,TZA,"Population, total",SP.POP.TOTL,1973,15010101.0
Uganda,UGA,"Population, total",SP.POP.TOTL,1973,11144236.0
Burundi,BDI,"Population, total",SP.POP.TOTL,1974,3703590.0
Djibouti,DJI,"Population, total",SP.POP.TOTL,1974,192613.0
Eritrea,ERI,"Population, total",SP.POP.TOTL,1974,1375688.0
Ethiopia,ETH,"Population, total",SP.POP.TOTL,1974,30957273.0
Kenya,KEN,"Population, total",SP.POP.TOTL,1974,13070078.0
Rwanda,RWA,"Population, total",SP.POP.TOTL,1974,4474228.0
Somalia,SOM,"Population, total",SP.POP.TOTL,1974,4151842.0
South Sudan,SSD,"Population, total",SP.POP.TOTL,1974,3723259.0
Tanzania,TZA,"Population, total",SP.POP.TOTL,1974,15561630.0
Uganda,UGA,"Population, total",SP.POP.TOTL,1974,11424846.0
Burundi,BDI,"Population, total",SP.POP.TOTL,1975,3796612.0
Djibouti,DJI,"Population, total",SP.POP.TOTL,1975,209908.0
Eritrea,ERI,"Population, total",SP.POP.TOTL,1975,1408210.0
Ethiopia,ETH,"Population, total",SP.POP.TOTL,1975,31723252.0
Kenya,KEN,"Population, total",SP.POP.TOTL,1975,13511671.0
Rwanda,RWA,"Population, total",SP.POP.TOTL,1975,4607728.0
Somalia,SOM,"Population, total",SP.POP.TOTL,1975,4257535.0
South Sudan,SSD,"Population, total",SP.POP.TOTL,1975,3821494.0
Tanzania,TZA,"Population, total",SP.POP.TOTL,1975,16138361.0
Uganda,UGA,"Population, total",SP.POP.TOTL,1975,11725240.0
Burundi,BDI,"Population, total",SP.POP.TOTL,1976,3882626.0
Djibouti,DJI,"Population, total",SP.POP.TOTL,1976,230737.0
Eritrea,ERI,"Population, total",SP.POP.TOTL,1976,1443807.0
Ethiopia,ETH,"Population, total",SP.POP.TOTL,1976,32534418.0
Kenya,KEN,"Population, total",SP.POP.TOTL,1976,13957623.0
Rwanda,RWA,"Population, total",SP.POP.TOTL,1976,4745954.0
Somalia,SOM,"Population, total",SP.POP.TOTL,1976,4365812.0
South Sudan,SSD,"Population, total",SP.POP.TOTL,1976,3921910.0
Tanzania,TZA,"Population, total",SP.POP.TOTL,1976,16736211.0
Uganda,UGA,"Population, total",SP.POP.TOTL,1976,12037294.0
Burundi,BDI,"Population, total",SP.POP.TOTL,1977,3983582.0
Djibouti,DJI,"Population, total",SP.POP.TOTL,1977,254613.0
Eritrea,ERI,"Population, total",SP.POP.TOTL,1977,1482565.0
Ethiopia,ETH,"Population, total",SP.POP.TOTL,1977,33167272.0
Kenya,KEN,"Population, total",SP.POP.TOTL,1977,14428819.0
Rwanda,RWA,"Population, total",SP.POP.TOTL,1977,4888240.0
Somalia,SOM,"Population, total",SP.POP.TOTL,1977,4484050.0
South Sudan,SSD,"Population, total",SP.POP.TOTL,1977,4024032.0
Tanzania,TZA,"Population, total",SP.POP.TOTL,1977,17352929.0
Uganda,UGA,"Population, total",SP.POP.TOTL,1977,12359669.0
Burundi,BDI,"Population, total",SP.POP.TOTL,1978,4100338.0
Djibouti,DJI,"Population, total",SP.POP.TOTL,1978,280031.0
Eritrea,ERI,"Population, total",SP.POP.TOTL,1978,1522378.0
Ethiopia,ETH,"Population, total",SP.POP.TOTL,1978,33734592.0
Kenya,KEN,"Population, total",SP.POP.TOTL,1978,14934126.0
Rwanda,RWA,"Population, total",SP.POP.TOTL,1978,5035171.0
Somalia,SOM,"Population, total",SP.POP.TOTL,1978,4814892.0
South Sudan,SSD,"Population, total",SP.POP.TOTL,1978,4127657.0
Tanzania,TZA,"Population, total",SP.POP.TOTL,1978,17976566.0
Uganda,UGA,"Population, total",SP.POP.TOTL,1978,12692113.0
Burundi,BDI,"Population, total",SP.POP.TOTL,1979,4203530.0
Djibouti,DJI,"Population, total",SP.POP.TOTL,1979,304513.0
Eritrea,ERI,"Population, total",SP.POP.TOTL,1979,1563332.0
Ethiopia,ETH,"Population, total",SP.POP.TOTL,1979,34238652.0
Kenya,KEN,"Population, total",SP.POP.TOTL,1979,15460666.0
Rwanda,RWA,"Population, total",SP.POP.TOTL,1979,5189541.0
Somalia,SOM,"Population, total",SP.POP.TOTL,1979,5449117.0
South Sudan,SSD,"Population, total",SP.POP.TOTL,1979,4232605.0
Tanzania,TZA,"Population, total",SP.POP.TOTL,1979,18592038.0
Uganda,UGA,"Population, total",SP.POP.TOTL,1979,13002163.0
Burundi,BDI,"Population, total",SP.POP.TOTL,1980,4383706.0
Djibouti,DJI,"Population, total",SP.POP.TOTL,1980,325815.0
Eritrea,ERI,"Population, total",SP.POP.TOTL,1980,1605797.0
Ethiopia,ETH,"Population, total",SP.POP.TOTL,1980,34428514.0
Kenya,KEN,"Population, total",SP.POP.TOTL,1980,16018459.0
Rwanda,RWA,"Population, total",SP.POP.TOTL,1980,5353259.0
Somalia,SOM,"Population, total",SP.POP.TOTL,1980,5936154.0
South Sudan,SSD,"Population, total",SP.POP.TOTL,1980,4339030.0
Tanzania,TZA,"Population, total",SP.POP.TOTL,1980,19189769.0
Uganda,UGA,"Population, total",SP.POP.TOTL,1980,13275741.0
Burundi,BDI,"Population, total",SP.POP.TOTL,1981,4566014.0
Djibouti,DJI,"Population, total",SP.POP.TOTL,1981,343047.0
Eritrea,ERI,"Population, total",SP.POP.TOTL,1981,1649939.0
Ethiopia,ETH,"Population, total",SP.POP.TOTL,1981,35304012.0
Kenya,KEN,"Population, total",SP.POP.TOTL,1981,16601507.0
Rwanda,RWA,"Population, total",SP.POP.TOTL,1981,5527230.0
Somalia,SOM,"Population, total",SP.POP.TOTL,1981,5982849.0
South Sudan,SSD,"Population, total",SP.POP.TOTL,1981,4447272.0
Tanzania,TZA,"Population, total",SP.POP.TOTL,1981,19784703.0
Uganda,UGA,"Population, total",SP.POP.TOTL,1981,13556452.0
Burundi,BDI,"Population, total",SP.POP.TOTL,1982,4681390.0
Djibouti,DJI,"Population, total",SP.POP.TOTL,1982,356880.0
Eritrea,ERI,"Population, total",SP.POP.TOTL,1982,1695461.0
Ethiopia,ETH,"Population, total",SP.POP.TOTL,1982,36701290.0
Kenya,KEN,"Population, total",SP.POP.TOTL,1982,17206175.0
Rwanda,RWA,"Population, total",SP.POP.TOTL,1982,5711549.0
Somalia,SOM,"Population, total",SP.POP.TOTL,1982,6003840.0
South Sudan,SSD,"Population, total",SP.POP.TOTL,1982,4557686.0
Tanzania,TZA,"Population, total",SP.POP.TOTL,1982,20398571.0
Uganda,UGA,"Population, total",SP.POP.TOTL,1982,13873631.0
Burundi,BDI,"Population, total",SP.POP.TOTL,1983,4808528.0
Djibouti,DJI,"Population, total",SP.POP.TOTL,1983,369553.0
Eritrea,ERI,"Population, total",SP.POP.TOTL,1983,1736160.0
Ethiopia,ETH,"Population, total",SP.POP.TOTL,1983,37740817.0
Kenya,KEN,"Population, total",SP.POP.TOTL,1983,17846374.0
Rwanda,RWA,"Population, total",SP.POP.TOTL,1983,5905311.0
Somalia,SOM,"Population, total",SP.POP.TOTL,1983,6198430.0
South Sudan,SSD,"Population, total",SP.POP.TOTL,1983,4661574.0
Tanzania,TZA,"Population, total",SP.POP.TOTL,1983,21079874.0
Uganda,UGA,"Population, total",SP.POP.TOTL,1983,14221881.0
Burundi,BDI,"Population, total",SP.POP.TOTL,1984,4926465.0
Djibouti,DJI,"Population, total",SP.POP.TOTL,1984,384053.0
Eritrea,ERI,"Population, total",SP.POP.TOTL,1984,1771730.0
Ethiopia,ETH,"Population, total",SP.POP.TOTL,1984,38735722.0
Kenya,KEN,"Population, total",SP.POP.TOTL,1984,18514906.0
Rwanda,RWA,"Population, total",SP.POP.TOTL,1984,6107627.0
Somalia,SOM,"Population, total",SP.POP.TOTL,1984,6428389.0
South Sudan,SSD,"Population, total",SP.POP.TOTL,1984,4750627.0
Tanzania,TZA,"Population, total",SP.POP.TOTL,1984,21779066.0
Uganda,UGA,"Population, total",SP.POP.TOTL,1984,14607677.0
Burundi,BDI,"Population, total",SP.POP.TOTL,1985,5034042.0
Djibouti,DJI,"Population, total",SP.POP.TOTL,1985,402687.0
Eritrea,ERI,"Population, total",SP.POP.TOTL,1985,1807816.0
Ethiopia,ETH,"Population, total",SP.POP.TOTL,1985,39842136.0
Kenya,KEN,"Population, total",SP.POP.TOTL,1985,19201768.0
Rwanda,RWA,"Population, total",SP.POP.TOTL,1985,6317228.0
Somalia,SOM,"Population, total",SP.POP.TOTL,1985,6693289.0
South Sudan,SSD,"Population, total",SP.POP.TOTL,1985,4834296.0
Tanzania,TZA,"Population, total",SP.POP.TOTL,1985,22501693.0
Uganda,UGA,"Population, total",SP.POP.TOTL,1985,15023681.0
Burundi,BDI,"Population, total",SP.POP.TOTL,1986,5129414.0
Djibouti,DJI,"Population, total",SP.POP.TOTL,1986,426341.0
Eritrea,ERI,"Population, total",SP.POP.TOTL,1986,1845164.0
Ethiopia,ETH,"Population, total",SP.POP.TOTL,1986,41037656.0
Kenya,KEN,"Population, total",SP.POP.TOTL,1986,19901646.0
Rwanda,RWA,"Population, total",SP.POP.TOTL,1986,6531881.0
Somalia,SOM,"Population, total",SP.POP.TOTL,1986,6974788.0
South Sudan,SSD,"Population, total",SP.POP.TOTL,1986,4921240.0
Tanzania,TZA,"Population, total",SP.POP.TOTL,1986,23258959.0
Uganda,UGA,"Population, total",SP.POP.TOTL,1986,15467579.0
Burundi,BDI,"Population, total",SP.POP.TOTL,1987,5247787.0
Djibouti,DJI,"Population, total",SP.POP.TOTL,1987,454399.0
Eritrea,ERI,"Population, total",SP.POP.TOTL,1987,1888669.0
Ethiopia,ETH,"Population, total",SP.POP.TOTL,1987,42460039.0
Kenya,KEN,"Population, total",SP.POP.TOTL,1987,20616096.0
Rwanda,RWA,"Population, total",SP.POP.TOTL,1987,6749493.0
Somalia,SOM,"Population, total",SP.POP.TOTL,1987,7228302.0
South Sudan,SSD,"Population, total",SP.POP.TOTL,1987,4962395.0
Tanzania,TZA,"Population, total",SP.POP.TOTL,1987,24030378.0
Uganda,UGA,"Population, total",SP.POP.TOTL,1987,15954170.0
Burundi,BDI,"Population, total",SP.POP.TOTL,1988,5365327.0
Djibouti,DJI,"Population, total",SP.POP.TOTL,1988,484523.0
Eritrea,ERI,"Population, total",SP.POP.TOTL,1988,1938255.0
Ethiopia,ETH,"Population, total",SP.POP.TOTL,1988,44150825.0
Kenya,KEN,"Population, total",SP.POP.TOTL,1988,21356219.0
Rwanda,RWA,"Population, total",SP.POP.TOTL,1988,6968071.0
Somalia,SOM,"Population, total",SP.POP.TOTL,1988,7235360.0
South Sudan,SSD,"Population, total",SP.POP.TOTL,1988,4848029.0
Tanzania,TZA,"Population, total",SP.POP.TOTL,1988,24769686.0
Uganda,UGA,"Population, total",SP.POP.TOTL,1988,16470483.0
Burundi,BDI,"Population, total",SP.POP.TOTL,1989,5471706.0
Djibouti,DJI,"Population, total",SP.POP.TOTL,1989,523355.0
Eritrea,ERI,"Population, total",SP.POP.TOTL,1989,1987017.0
Ethiopia,ETH,"Population, total",SP.POP.TOTL,1989,45879690.0
Kenya,KEN,"Population, total",SP.POP.TOTL,1989,22118434.0
Rwanda,RWA,"Population, total",SP.POP.TOTL,1989,7184706.0
Somalia,SOM,"Population, total",SP.POP.TOTL,1989,7114817.0
South Sudan,SSD,"Population, total",SP.POP.TOTL,1989,4713229.0
Tanzania,TZA,"Population, total",SP.POP.TOTL,1989,25438759.0
Uganda,UGA,"Population, total",SP.POP.TOTL,1989,17010698.0
Burundi,BDI,"Population, total",SP.POP.TOTL,1990,5587052.0
Djibouti,DJI,"Population, total",SP.POP.TOTL,1990,579538.0
Eritrea,ERI,"Population, total",SP.POP.TOTL,1990,2032737.0
Ethiopia,ETH,"Population, total",SP.POP.TOTL,1990,47609755.0
Kenya,KEN,"Population, total",SP.POP.TOTL,1990,22892651.0
Rwanda,RWA,"Population, total",SP.POP.TOTL,1990,7375307.0
Somalia,SOM,"Population, total",SP.POP.TOTL,1990,7082811.0
South Sudan,SSD,"Population, total",SP.POP.TOTL,1990,4737633.0
Tanzania,TZA,"Population, total",SP.POP.TOTL,1990,26110207.0
Uganda,UGA,"Population, total",SP.POP.TOTL,1990,17569897.0
Burundi,BDI,"Population, total",SP.POP.TOTL,1991,5703857.0
Djibouti,DJI,"Population, total",SP.POP.TOTL,1991,631092.0
Eritrea,ERI,"Population, total",SP.POP.TOTL,1991,1919571.0
Ethiopia,ETH,"Population, total",SP.POP.TOTL,1991,49717198.0
Kenya,KEN,"Population, total",SP.POP.TOTL,1991,23646514.0
Rwanda,RWA,"Population, total",SP.POP.TOTL,1991,7526966.0
Somalia,SOM,"Population, total",SP.POP.TOTL,1991,6813760.0
South Sudan,SSD,"Population, total",SP.POP.TOTL,1991,4836677.0
Tanzania,TZA,"Population, total",SP.POP.TOTL,1991,26780436.0
Uganda,UGA,"Population, total",SP.POP.TOTL,1991,18155901.0
Burundi,BDI,"Population, total",SP.POP.TOTL,1992,5858407.0
Djibouti,DJI,"Population, total",SP.POP.TOTL,1992,626010.0
Eritrea,ERI,"Population, total",SP.POP.TOTL,1992,1798748.0
Ethiopia,ETH,"Population, total",SP.POP.TOTL,1992,51853747.0
Kenya,KEN,"Population, total",SP.POP.TOTL,1992,24382460.0
Rwanda,RWA,"Population, total",SP.POP.TOTL,1992,7683266.0
Somalia,SOM,"Population, total",SP.POP.TOTL,1992,6495107.0
South Sudan,SSD,"Population, total",SP.POP.TOTL,1992,4909749.0
Tanzania,TZA,"Population, total",SP.POP.TOTL,1992,27457588.0
Uganda,UGA,"Population, total",SP.POP.TOTL,1992,18785032.0
Burundi,BDI,"Population, total",SP.POP.TOTL,1993,5676843.0
Djibouti,DJI,"Population, total",SP.POP.TOTL,1993,614245.0
Eritrea,ERI,"Population, total",SP.POP.TOTL,1993,1856006.0
Ethiopia,ETH,"Population, total",SP.POP.TOTL,1993,53708891.0
Kenya,KEN,"Population, total",SP.POP.TOTL,1993,25117188.0
Rwanda,RWA,"Population, total",SP.POP.TOTL,1993,7981132.0
Somalia,SOM,"Population, total",SP.POP.TOTL,1993,6681399.0
South Sudan,SSD,"Population, total",SP.POP.TOTL,1993,4956002.0
Tanzania,TZA,"Population, total",SP.POP.TOTL,1993,28332692.0
Uganda,UGA,"Population, total",SP.POP.TOTL,1993,19445161.0
Burundi,BDI,"Population, total",SP.POP.TOTL,1994,5713854.0
Djibouti,DJI,"Population, total",SP.POP.TOTL,1994,626710.0
Eritrea,ERI,"Population, total",SP.POP.TOTL,1994,1913915.0
Ethiopia,ETH,"Population, total",SP.POP.TOTL,1994,55611508.0
Kenya,KEN,"Population, total",SP.POP.TOTL,1994,25857130.0
Rwanda,RWA,"Population, total",SP.POP.TOTL,1994,6792352.0
Somalia,SOM,"Population, total",SP.POP.TOTL,1994,7026797.0
South Sudan,SSD,"Population, total",SP.POP.TOTL,1994,5071184.0
Tanzania,TZA,"Population, total",SP.POP.TOTL,1994,29442356.0
Uganda,UGA,"Population, total",SP.POP.TOTL,1994,20108801.0
Burundi,BDI,"Population, total",SP.POP.TOTL,1995,6066316.0
Djibouti,DJI,"Population, total",SP.POP.TOTL,1995,633074.0
Eritrea,ERI,"Population, total",SP.POP.TOTL,1995,2025267.0
Ethiopia,ETH,"Population, total",SP.POP.TOTL,1995,57537335.0
Kenya,KEN,"Population, total",SP.POP.TOTL,1995,26601751.0
Rwanda,RWA,"Population, total",SP.POP.TOTL,1995,5674118.0
Somalia,SOM,"Population, total",SP.POP.TOTL,1995,7285007.0
South Sudan,SSD,"Population, total",SP.POP.TOTL,1995,5225836.0
Tanzania,TZA,"Population, total",SP.POP.TOTL,1995,30383497.0
Uganda,UGA,"Population, total",SP.POP.TOTL,1995,20665667.0
Burundi,BDI,"Population, total",SP.POP.TOTL,1996,6070506.0
Djibouti,DJI,"Population, total",SP.POP.TOTL,1996,648348.0
Eritrea,ERI,"Population, total",SP.POP.TOTL,1996,2128464.0
Ethiopia,ETH,"Population, total",SP.POP.TOTL,1996,59467635.0
Kenya,KEN,"Population, total",SP.POP.TOTL,1996,27344211.0
Rwanda,RWA,"Population, total",SP.POP.TOTL,1996,6708764.0
Somalia,SOM,"Population, total",SP.POP.TOTL,1996,7554474.0
South Sudan,SSD,"Population, total",SP.POP.TOTL,1996,5356925.0
Tanzania,TZA,"Population, total",SP.POP.TOTL,1996,30945762.0
Uganda,UGA,"Population, total",SP.POP.TOTL,1996,21231550.0
Burundi,BDI,"Population, total",SP.POP.TOTL,1997,6070042.0
Djibouti,DJI,"Population, total",SP.POP.TOTL,1997,671817.0
Eritrea,ERI,"Population, total",SP.POP.TOTL,1997,2152135.0
Ethiopia,ETH,"Population, total",SP.POP.TOTL,1997,61404539.0
Kenya,KEN,"Population, total",SP.POP.TOTL,1997,28101768.0
Rwanda,RWA,"Population, total",SP.POP.TOTL,1997,7755238.0
Somalia,SOM,"Population, total",SP.POP.TOTL,1997,7824525.0
South Sudan,SSD,"Population, total",SP.POP.TOTL,1997,5509136.0
Tanzania,TZA,"Population, total",SP.POP.TOTL,1997,31578089.0
Uganda,UGA,"Population, total",SP.POP.TOTL,1997,21856046.0
Burundi,BDI,"Population, total",SP.POP.TOTL,1998,6187108.0
Djibouti,DJI,"Population, total",SP.POP.TOTL,1998,699352.0
Eritrea,ERI,"Population, total",SP.POP.TOTL,1998,2180419.0
Ethiopia,ETH,"Population, total",SP.POP.TOTL,1998,63363524.0
Kenya,KEN,"Population, total",SP.POP.TOTL,1998,28888057.0
Rwanda,RWA,"Population, total",SP.POP.TOTL,1998,8081681.0
Somalia,SOM,"Population, total",SP.POP.TOTL,1998,8155417.0
South Sudan,SSD,"Population, total",SP.POP.TOTL,1998,5620068.0
Tanzania,TZA,"Population, total",SP.POP.TOTL,1998,32420458.0
Uganda,UGA,"Population, total",SP.POP.TOTL,1998,22515806.0
Burundi,BDI,"Population, total",SP.POP.TOTL,1999,6337155.0
Djibouti,DJI,"Population, total",SP.POP.TOTL,1999,724218.0
Eritrea,ERI,"Population, total",SP.POP.TOTL,1999,2212780.0
Ethiopia,ETH,"Population, total",SP.POP.TOTL,1999,65374561.0
Kenya,KEN,"Population, total",SP.POP.TOTL,1999,29733408.0
Rwanda,RWA,"Population, total",SP.POP.TOTL,1999,8147912.0
Somalia,SOM,"Population, total",SP.POP.TOTL,1999,8492059.0
South Sudan,SSD,"Population, total",SP.POP.TOTL,1999,5771628.0
Tanzania,TZA,"Population, total",SP.POP.TOTL,1999,33300330.0
Uganda,UGA,"Population, total",SP.POP.TOTL,1999,23257281.0
Burundi,BDI,"Population, total",SP.POP.TOTL,2000,6470194.0
Djibouti,DJI,"Population, total",SP.POP.TOTL,2000,747318.0
Eritrea,ERI,"Population, total",SP.POP.TOTL,2000,2247031.0
Ethiopia,ETH,"Population, total",SP.POP.TOTL,2000,67411494.0
Kenya,KEN,"Population, total",SP.POP.TOTL,2000,30642890.0
Rwanda,RWA,"Population, total",SP.POP.TOTL,2000,8213931.0
Somalia,SOM,"Population, total",SP.POP.TOTL,2000,8838713.0
South Sudan,SSD,"Population, total",SP.POP.TOTL,2000,6032267.0
Tanzania,TZA,"Population, total",SP.POP.TOTL,2000,34260139.0
Uganda,UGA,"Population, total",SP.POP.TOTL,2000,24000150.0
Burundi,BDI,"Population, total",SP.POP.TOTL,2001,6634365.0
Djibouti,DJI,"Population, total",SP.POP.TOTL,2001,771313.0
Eritrea,ERI,"Population, total",SP.POP.TOTL,2001,2312079.0
Ethiopia,ETH,"Population, total",SP.POP.TOTL,2001,69487762.0
Kenya,KEN,"Population, total",SP.POP.TOTL,2001,31619170.0
Rwanda,RWA,"Population, total",SP.POP.TOTL,2001,8287094.0
Somalia,SOM,"Population, total",SP.POP.TOTL,2001,9198493.0
South Sudan,SSD,"Population, total",SP.POP.TOTL,2001,6308391.0
Tanzania,TZA,"Population, total",SP.POP.TOTL,2001,35198299.0
Uganda,UGA,"Population, total",SP.POP.TOTL,2001,24745676.0
Burundi,BDI,"Population, total",SP.POP.TOTL,2002,6824132.0
Djibouti,DJI,"Population, total",SP.POP.TOTL,2002,795574.0
Eritrea,ERI,"Population, total",SP.POP.TOTL,2002,2392978.0
Ethiopia,ETH,"Population, total",SP.POP.TOTL,2002,71635517.0
Kenya,KEN,"Population, total",SP.POP.TOTL,2002,32629808.0
Rwanda,RWA,"Population, total",SP.POP.TOTL,2002,8400180.0
Somalia,SOM,"Population, total",SP.POP.TOTL,2002,9550063.0
South Sudan,SSD,"Population, total",SP.POP.TOTL,2002,6596806.0
Tanzania,TZA,"Population, total",SP.POP.TOTL,2002,36121304.0
Uganda,UGA,"Population, total",SP.POP.TOTL,2002,25532870.0
Burundi,BDI,"Population, total",SP.POP.TOTL,2003,7043154.0
Djibouti,DJI,"Population, total",SP.POP.TOTL,2003,813519.0
Eritrea,ERI,"Population, total",SP.POP.TOTL,2003,2493903.0
Ethiopia,ETH,"Population, total",SP.POP.TOTL,2003,73832663.0
Kenya,KEN,"Population, total",SP.POP.TOTL,2003,33652223.0
Rwanda,RWA,"Population, total",SP.POP.TOTL,2003,8586875.0
Somalia,SOM,"Population, total",SP.POP.TOTL,2003,9909157.0
South Sudan,SSD,"Population, total",SP.POP.TOTL,2003,6903127.0
Tanzania,TZA,"Population, total",SP.POP.TOTL,2003,37089555.0
Uganda,UGA,"Population, total",SP.POP.TOTL,2003,26352124.0
Burundi,BDI,"Population, total",SP.POP.TOTL,2004,7310656.0
Djibouti,DJI,"Population, total",SP.POP.TOTL,2004,826124.0
Eritrea,ERI,"Population, total",SP.POP.TOTL,2004,2598284.0
Ethiopia,ETH,"Population, total",SP.POP.TOTL,2004,76077206.0
Kenya,KEN,"Population, total",SP.POP.TOTL,2004,34713455.0
Rwanda,RWA,"Population, total",SP.POP.TOTL,2004,8816844.0
Somalia,SOM,"Population, total",SP.POP.TOTL,2004,10280998.0
South Sudan,SSD,"Population, total",SP.POP.TOTL,2004,7233041.0
Tanzania,TZA,"Population, total",SP.POP.TOTL,2004,38109668.0
Uganda,UGA,"Population, total",SP.POP.TOTL,2004,27154515.0
Burundi,BDI,"Population, total",SP.POP.TOTL,2005,7587299.0
Djibouti,DJI,"Population, total",SP.POP.TOTL,2005,839167.0
Eritrea,ERI,"Population, total",SP.POP.TOTL,2005,2661215.0
Ethiopia,ETH,"Population, total",SP.POP.TOTL,2005,78367470.0
Kenya,KEN,"Population, total",SP.POP.TOTL,2005,35796484.0
Rwanda,RWA,"Population, total",SP.POP.TOTL,2005,9054528.0
Somalia,SOM,"Population, total",SP.POP.TOTL,2005,10644228.0
South Sudan,SSD,"Population, total",SP.POP.TOTL,2005,7590143.0
Tanzania,TZA,"Population, total",SP.POP.TOTL,2005,39182076.0
Uganda,UGA,"Population, total",SP.POP.TOTL,2005,27963289.0
Burundi,BDI,"Population, total",SP.POP.TOTL,2006,7865547.0
Djibouti,DJI,"Population, total",SP.POP.TOTL,2006,855764.0
Eritrea,ERI,"Population, total",SP.POP.TOTL,2006,2703502.0
Ethiopia,ETH,"Population, total",SP.POP.TOTL,2006,80703490.0
Kenya,KEN,"Population, total",SP.POP.TOTL,2006,36904008.0
Rwanda,RWA,"Population, total",SP.POP.TOTL,2006,9299246.0
Somalia,SOM,"Population, total",SP.POP.TOTL,2006,10975502.0
South Sudan,SSD,"Population, total",SP.POP.TOTL,2006,7976526.0
Tanzania,TZA,"Population, total",SP.POP.TOTL,2006,40294902.0
Uganda,UGA,"Population, total",SP.POP.TOTL,2006,28794003.0
Burundi,BDI,"Population, total",SP.POP.TOTL,2007,8161874.0
Djibouti,DJI,"Population, total",SP.POP.TOTL,2007,874528.0
Eritrea,ERI,"Population, total",SP.POP.TOTL,2007,2743222.0
Ethiopia,ETH,"Population, total",SP.POP.TOTL,2007,83103217.0
Kenya,KEN,"Population, total",SP.POP.TOTL,2007,38036349.0
Rwanda,RWA,"Population, total",SP.POP.TOTL,2007,9549933.0
Somalia,SOM,"Population, total",SP.POP.TOTL,2007,11322582.0
South Sudan,SSD,"Population, total",SP.POP.TOTL,2007,8388788.0
Tanzania,TZA,"Population, total",SP.POP.TOTL,2007,41435512.0
Uganda,UGA,"Population, total",SP.POP.TOTL,2007,29653430.0
Burundi,BDI,"Population, total",SP.POP.TOTL,2008,8505637.0
Djibouti,DJI,"Population, total",SP.POP.TOTL,2008,892734.0
Eritrea,ERI,"Population, total",SP.POP.TOTL,2008,2816327.0
Ethiopia,ETH,"Population, total",SP.POP.TOTL,2008,85543668.0
Kenya,KEN,"Population, total",SP.POP.TOTL,2008,39206351.0
Rwanda,RWA,"Population, total",SP.POP.TOTL,2008,9804269.0
Somalia,SOM,"Population, total",SP.POP.TOTL,2008,11663084.0
South Sudan,SSD,"Population, total",SP.POP.TOTL,2008,8817647.0
Tanzania,TZA,"Population, total",SP.POP.TOTL,2008,42570728.0
Uganda,UGA,"Population, total",SP.POP.TOTL,2008,30539553.0
Burundi,BDI,"Population, total",SP.POP.TOTL,2009,8947646.0
Djibouti,DJI,"Population, total",SP.POP.TOTL,2009,911527.0
Eritrea,ERI,"Population, total",SP.POP.TOTL,2009,2887885.0
Ethiopia,ETH,"Population, total",SP.POP.TOTL,2009,88007636.0
Kenya,KEN,"Population, total",SP.POP.TOTL,2009,40408891.0
Rwanda,RWA,"Population, total",SP.POP.TOTL,2009,10060432.0
Somalia,SOM,"Population, total",SP.POP.TOTL,2009,11961201.0
South Sudan,SSD,"Population, total",SP.POP.TOTL,2009,9243556.0
Tanzania,TZA,"Population, total",SP.POP.TOTL,2009,43633982.0
Uganda,UGA,"Population, total",SP.POP.TOTL,2009,31451151.0
Burundi,BDI,"Population, total",SP.POP.TOTL,2010,9376444.0
Djibouti,DJI,"Population, total",SP.POP.TOTL,2010,930251.0
Eritrea,ERI,"Population, total",SP.POP.TOTL,2010,2945186.0
Ethiopia,ETH,"Population, total",SP.POP.TOTL,2010,90538514.0
Kenya,KEN,"Population, total",SP.POP.TOTL,2010,41598567.0
Rwanda,RWA,"Population, total",SP.POP.TOTL,2010,10317553.0
Somalia,SOM,"Population, total",SP.POP.TOTL,2010,12261756.0
South Sudan,SSD,"Population, total",SP.POP.TOTL,2010,9745953.0
Tanzania,TZA,"Population, total",SP.POP.TOTL,2010,44758488.0
Uganda,UGA,"Population, total",SP.POP.TOTL,2010,32390802.0
Burundi,BDI,"Population, total",SP.POP.TOTL,2011,9717978.0
Djibouti,DJI,"Population, total",SP.POP.TOTL,2011,948558.0
Eritrea,ERI,"Population, total",SP.POP.TOTL,2011,2998485.0
Ethiopia,ETH,"Population, total",SP.POP.TOTL,2011,93149970.0
Kenya,KEN,"Population, total",SP.POP.TOTL,2011,42758461.0
Rwanda,RWA,"Population, total",SP.POP.TOTL,2011,10573733.0
Somalia,SOM,"Population, total",SP.POP.TOTL,2011,12348830.0
South Sudan,SSD,"Population, total",SP.POP.TOTL,2011,10288109.0
Tanzania,TZA,"Population, total",SP.POP.TOTL,2011,46029367.0
Uganda,UGA,"Population, total",SP.POP.TOTL,2011,33354543.0
Burundi,BDI,"Population, total",SP.POP.TOTL,2012,10071028.0
Djibouti,DJI,"Population, total",SP.POP.TOTL,2012,966747.0
Eritrea,ERI,"Population, total",SP.POP.TOTL,2012,3036988.0
Ethiopia,ETH,"Population, total",SP.POP.TOTL,2012,95798767.0
Kenya,KEN,"Population, total",SP.POP.TOTL,2012,43888303.0
Rwanda,RWA,"Population, total",SP.POP.TOTL,2012,10829901.0
Somalia,SOM,"Population, total",SP.POP.TOTL,2012,12461160.0
South Sudan,SSD,"Population, total",SP.POP.TOTL,2012,10756240.0
Tanzania,TZA,"Population, total",SP.POP.TOTL,2012,47374260.0
Uganda,UGA,"Population, total",SP.POP.TOTL,2012,34337438.0
Burundi,BDI,"Population, total",SP.POP.TOTL,2013,10439341.0
Djibouti,DJI,"Population, total",SP.POP.TOTL,2013,984824.0
Eritrea,ERI,"Population, total",SP.POP.TOTL,2013,3074360.0
Ethiopia,ETH,"Population, total",SP.POP.TOTL,2013,98438751.0
Kenya,KEN,"Population, total",SP.POP.TOTL,2013,44986791.0
Rwanda,RWA,"Population, total",SP.POP.TOTL,2013,11093340.0
Somalia,SOM,"Population, total",SP.POP.TOTL,2013,12869594.0
South Sudan,SSD,"Population, total",SP.POP.TOTL,2013,11166275.0
Tanzania,TZA,"Population, total",SP.POP.TOTL,2013,48824128.0
Uganda,UGA,"Population, total",SP.POP.TOTL,2013,35337042.0
Burundi,BDI,"Population, total",SP.POP.TOTL,2014,10799785.0
Djibouti,DJI,"Population, total",SP.POP.TOTL,2014,1002717.0
Eritrea,ERI,"Population, total",SP.POP.TOTL,2014,3095173.0
Ethiopia,ETH,"Population, total",SP.POP.TOTL,2014,101115610.0
Kenya,KEN,"Population, total",SP.POP.TOTL,2014,46051440.0
Rwanda,RWA,"Population, total",SP.POP.TOTL,2014,11364757.0
Somalia,SOM,"Population, total",SP.POP.TOTL,2014,13339491.0
South Sudan,SSD,"Population, total",SP.POP.TOTL,2014,11235073.0
Tanzania,TZA,"Population, total",SP.POP.TOTL,2014,50351512.0
Uganda,UGA,"Population, total",SP.POP.TOTL,2014,36395539.0
Burundi,BDI,"Population, total",SP.POP.TOTL,2015,11047580.0
Djibouti,DJI,"Population, total",SP.POP.TOTL,2015,1020313.0
Eritrea,ERI,"Population, total",SP.POP.TOTL,2015,3105546.0
Ethiopia,ETH,"Population, total",SP.POP.TOTL,2015,103867135.0
Kenya,KEN,"Population, total",SP.POP.TOTL,2015,47088526.0
Rwanda,RWA,"Population, total",SP.POP.TOTL,2015,11640022.0
Somalia,SOM,"Population, total",SP.POP.TOTL,2015,13806963.0
South Sudan,SSD,"Population, total",SP.POP.TOTL,2015,11107561.0
Tanzania,TZA,"Population, total",SP.POP.TOTL,2015,52020962.0
Uganda,UGA,"Population, total",SP.POP.TOTL,2015,37531446.0
Burundi,BDI,"Population, total",SP.POP.TOTL,2016,11239451.0
Djibouti,DJI,"Population, total",SP.POP.TOTL,2016,1037653.0
Eritrea,ERI,"Population, total",SP.POP.TOTL,2016,3124698.0
Ethiopia,ETH,"Population, total",SP.POP.TOTL,2016,106718162.0
Kenya,KEN,"Population, total",SP.POP.TOTL,2016,48139687.0
Rwanda,RWA,"Population, total",SP.POP.TOTL,2016,11919183.0
Somalia,SOM,"Population, total",SP.POP.TOTL,2016,14348740.0
South Sudan,SSD,"Population, total",SP.POP.TOTL,2016,10830102.0
Tanzania,TZA,"Population, total",SP.POP.TOTL,2016,53824013.0
Uganda,UGA,"Population, total",SP.POP.TOTL,2016,38799152.0
Burundi,BDI,"Population, total",SP.POP.TOTL,2017,11506762.0
Djibouti,DJI,"Population, total",SP.POP.TOTL,2017,1054841.0
Eritrea,ERI,"Population, total",SP.POP.TOTL,2017,3150347.0
Ethiopia,ETH,"Population, total",SP.POP.TOTL,2017,109666481.0
Kenya,KEN,"Population, total",SP.POP.TOTL,2017,49197766.0
Rwanda,RWA,"Population, total",SP.POP.TOTL,2017,12202060.0
Somalia,SOM,"Population, total",SP.POP.TOTL,2017,14916629.0
South Sudan,SSD,"Population, total",SP.POP.TOTL,2017,10259154.0
Tanzania,TZA,"Population, total",SP.POP.TOTL,2017,55652890.0
Uganda,UGA,"Population, total",SP.POP.TOTL,2017,40177388.0
Burundi,BDI,"Population, total",SP.POP.TOTL,2018,11859446.0
Djibouti,DJI,"Population, total",SP.POP.TOTL,2018,1071882.0
Eritrea,ERI,"Population, total",SP.POP.TOTL,2018,3192760.0
Ethiopia,ETH,"Population, total",SP.POP.TOTL,2018,112664152.0
Kenya,KEN,"Population, total",SP.POP.TOTL,2018,50207107.0
Rwanda,RWA,"Population, total",SP.POP.TOTL,2018,12487996.0
Somalia,SOM,"Population, total",SP.POP.TOTL,2018,15452487.0
South Sudan,SSD,"Population, total",SP.POP.TOTL,2018,10122977.0
Tanzania,TZA,"Population, total",SP.POP.TOTL,2018,57437145.0
Uganda,UGA,"Population, total",SP.POP.TOTL,2018,41565831.0
Burundi,BDI,"Population, total",SP.POP.TOTL,2019,12255336.0
Djibouti,DJI,"Population, total",SP.POP.TOTL,2019,1088709.0
Eritrea,ERI,"Population, total",SP.POP.TOTL,2019,3240194.0
Ethiopia,ETH,"Population, total",SP.POP.TOTL,2019,115737383.0
Kenya,KEN,"Population, total",SP.POP.TOTL,2019,51202827.0
Rwanda,RWA,"Population, total",SP.POP.TOTL,2019,12776103.0
Somalia,SOM,"Population, total",SP.POP.TOTL,2019,16030971.0
South Sudan,SSD,"Population, total",SP.POP.TOTL,2019,10423384.0
Tanzania,TZA,"Population, total",SP.POP.TOTL,2019,59174891.0
Uganda,UGA,"Population, total",SP.POP.TOTL,2019,42999637.0
Burundi,BDI,"Population, total",SP.POP.TOTL,2020,12617036.0
Djibouti,DJI,"Population, total",SP.POP.TOTL,2020,1105188.0
Eritrea,ERI,"Population, total",SP.POP.TOTL,2020,3291271.0
Ethiopia,ETH,"Population, total",SP.POP.TOTL,2020,118917671.0
Kenya,KEN,"Population, total",SP.POP.TOTL,2020,52217334.0
Rwanda,RWA,"Population, total",SP.POP.TOTL,2020,13065837.0
Somalia,SOM,"Population, total",SP.POP.TOTL,2020,16651191.0
South Sudan,SSD,"Population, total",SP.POP.TOTL,2020,10698467.0
Tanzania,TZA,"Population, total",SP.POP.TOTL,2020,60972798.0
Uganda,UGA,"Population, total",SP.POP.TOTL,2020,44457152.0
Burundi,BDI,"Population, total",SP.POP.TOTL,2021,12965481.0
Djibouti,DJI,"Population, total",SP.POP.TOTL,2021,1121248.0
Eritrea,ERI,"Population, total",SP.POP.TOTL,2021,3350183.0
Ethiopia,ETH,"Population, total",SP.POP.TOTL,2021,122138588.0
Kenya,KEN,"Population, total",SP.POP.TOTL,2021,53219166.0
Rwanda,RWA,"Population, total",SP.POP.TOTL,2021,13355260.0
Somalia,SOM,"Population, total",SP.POP.TOTL,2021,17271431.0
South Sudan,SSD,"Population, total",SP.POP.TOTL,2021,10865780.0
Tanzania,TZA,"Population, total",SP.POP.TOTL,2021,62830412.0
Uganda,UGA,"Population, total",SP.POP.TOTL,2021,45910930.0
Burundi,BDI,"Population, total",SP.POP.TOTL,2022,13321097.0
Djibouti,DJI,"Population, total",SP.POP.TOTL,2022,1137096.0
Eritrea,ERI,"Population, total",SP.POP.TOTL,2022,3409447.0
Ethiopia,ETH,"Population, total",SP.POP.TOTL,2022,125384287.0
Kenya,KEN,"Population, total",SP.POP.TOTL,2022,54252461.0
Rwanda,RWA,"Population, total",SP.POP.TOTL,2022,13651030.0
Somalia,SOM,"Population, total",SP.POP.TOTL,2022,17801897.0
South Sudan,SSD,"Population, total",SP.POP.TOTL,2022,11021177.0
Tanzania,TZA,"Population, total",SP.POP.TOTL,2022,64711821.0
Uganda,UGA,"Population, total",SP.POP.TOTL,2022,47312719.0
Burundi,BDI,"Population, total",SP.POP.TOTL,2023,13689450.0
Djibouti,DJI,"Population, total",SP.POP.TOTL,2023,1152944.0
Eritrea,ERI,"Population, total",SP.POP.TOTL,2023,3470390.0
Ethiopia,ETH,"Population, total",SP.POP.TOTL,2023,128691692.0
Kenya,KEN,"Population, total",SP.POP.TOTL,2023,55339003.0
Rwanda,RWA,"Population, total",SP.POP.TOTL,2023,13954471.0
Somalia,SOM,"Population, total",SP.POP.TOTL,2023,18358615.0
South Sudan,SSD,"Population, total",SP.POP.TOTL,2023,11483374.0
Tanzania,TZA,"Population, total",SP.POP.TOTL,2023,66617606.0
Uganda,UGA,"Population, total",SP.POP.TOTL,2023,48656601.0
Burundi,BDI,"Population, total",SP.POP.TOTL,2024,14047786.0
Djibouti,DJI,"Population, total",SP.POP.TOTL,2024,1168722.0
Eritrea,ERI,"Population, total",SP.POP.TOTL,2024,3535603.0
Ethiopia,ETH,"Population, total",SP.POP.TOTL,2024,132059767.0
Kenya,KEN,"Population, total",SP.POP.TOTL,2024,56432944.0
Rwanda,RWA,"Population, total",SP.POP.TOTL,2024,14256567.0
Somalia,SOM,"Population, total",SP.POP.TOTL,2024,19009151.0
South Sudan,SSD,"Population, total",SP.POP.TOTL,2024,11943408.0
Tanzania,TZA,"Population, total",SP.POP.TOTL,2024,68560157.0
Uganda,UGA,"Population, total",SP.POP.TOTL,2024,50015092.0
